回归类型,L1_Exposure 系数,标准误,90% CI 下限,90% CI 上限,P 值,显著性
A: 单向聚类 (Entity Only),0.023783041624432698,0.009946970501115837,0.0074202751500971435,0.04014580809876825,0.01697614913003309,显著
B: 双向聚类 (Entity & Time),0.023783041624432698,0.007479191658790968,0.011479771345721555,0.03608631190314384,0.001515801209680312,显著
