回归类型,L1_Exposure 系数,标准误,90% CI 下限,90% CI 上限,P 值,显著性
A: 单向聚类 (Entity Only),0.021008522218093198,0.009948986490174122,0.004642439441756768,0.03737460499442963,0.03497104640374227,显著
B: 双向聚类 (Entity & Time),0.021008522218093198,0.008710837903895837,0.006679193866184546,0.03533785057000185,0.016058144991205614,显著
