sample_n,coef_exposure_2015,se_exposure_2015,t_exposure_2015,p_exposure_2015,ci95_lower,ci95_upper,r_squared,adj_r_squared,f_pvalue,supports_exogeneity_p_gt_0_10
184.0,6.662790244875774e-05,0.007422725470509839,0.00897620459135495,0.9928381211168605,-0.014481646686878654,0.01461490249177617,0.4788765382512985,0.46723132122898114,1.1615929478933815e-17,True
